time,integral_c,integral_w
0,0,0
2,312.48597324908,0.019637469639184
4,312.48597325344,0.019637477003906
6,312.48597325489,0.019637456138532
8,312.48597325537,0.019637446723676
10,312.48597325552,0.019637450857593
12,312.48597325556,0.019637469041778
14,312.48597325557,0.019637503941426
16,312.48597325557,0.019637561363989
18,312.48597325557,0.019637651214176
20,312.48597325555,0.019637788774431
